--
-- PostgreSQL database dump
--

-- Dumped from database version 9.6.23
-- Dumped by pg_dump version 15.1 (Ubuntu 15.1-1.pgdg20.04+1)

SET statement_timeout = 0;
SET lock_timeout = 0;
SET idle_in_transaction_session_timeout = 0;
SET client_encoding = 'UTF8';
SET standard_conforming_strings = on;
SELECT pg_catalog.set_config('search_path', '', false);
SET check_function_bodies = false;
SET xmloption = content;
SET client_min_messages = warning;
SET row_security = off;

--
-- Name: public; Type: SCHEMA; Schema: -; Owner: postgres
--

-- *not* creating schema, since initdb creates it


ALTER SCHEMA public OWNER TO postgres;

SET default_tablespace = '';

--
-- Name: buyers; Type: TABLE; Schema: public; Owner: user
--

CREATE TABLE public.buyers (
    id integer NOT NULL,
    firstname text,
    lastname text
);


ALTER TABLE public.buyers OWNER TO "user";

--
-- Name: buyers_id_seq; Type: SEQUENCE; Schema: public; Owner: user
--

CREATE SEQUENCE public.buyers_id_seq
    START WITH 1
    INCREMENT BY 1
    NO MINVALUE
    NO MAXVALUE
    CACHE 1;


ALTER TABLE public.buyers_id_seq OWNER TO "user";

--
-- Name: buyers_id_seq; Type: SEQUENCE OWNED BY; Schema: public; Owner: user
--

ALTER SEQUENCE public.buyers_id_seq OWNED BY public.buyers.id;


--
-- Name: products; Type: TABLE; Schema: public; Owner: user
--

CREATE TABLE public.products (
    id integer NOT NULL,
    name text,
    price numeric(9,2)
);


ALTER TABLE public.products OWNER TO "user";

--
-- Name: products_id_seq; Type: SEQUENCE; Schema: public; Owner: user
--

CREATE SEQUENCE public.products_id_seq
    START WITH 1
    INCREMENT BY 1
    NO MINVALUE
    NO MAXVALUE
    CACHE 1;


ALTER TABLE public.products_id_seq OWNER TO "user";

--
-- Name: products_id_seq; Type: SEQUENCE OWNED BY; Schema: public; Owner: user
--

ALTER SEQUENCE public.products_id_seq OWNED BY public.products.id;


--
-- Name: purchases; Type: TABLE; Schema: public; Owner: user
--

CREATE TABLE public.purchases (
    id integer NOT NULL,
    buyer_id integer,
    product_id integer,
    date_of_purchase date
);


ALTER TABLE public.purchases OWNER TO "user";

--
-- Name: purchases_id_seq; Type: SEQUENCE; Schema: public; Owner: user
--

CREATE SEQUENCE public.purchases_id_seq
    START WITH 1
    INCREMENT BY 1
    NO MINVALUE
    NO MAXVALUE
    CACHE 1;


ALTER TABLE public.purchases_id_seq OWNER TO "user";

--
-- Name: purchases_id_seq; Type: SEQUENCE OWNED BY; Schema: public; Owner: user
--

ALTER SEQUENCE public.purchases_id_seq OWNED BY public.purchases.id;


--
-- Name: buyers id; Type: DEFAULT; Schema: public; Owner: user
--

ALTER TABLE ONLY public.buyers ALTER COLUMN id SET DEFAULT nextval('public.buyers_id_seq'::regclass);


--
-- Name: products id; Type: DEFAULT; Schema: public; Owner: user
--

ALTER TABLE ONLY public.products ALTER COLUMN id SET DEFAULT nextval('public.products_id_seq'::regclass);


--
-- Name: purchases id; Type: DEFAULT; Schema: public; Owner: user
--

ALTER TABLE ONLY public.purchases ALTER COLUMN id SET DEFAULT nextval('public.purchases_id_seq'::regclass);


--
-- Data for Name: buyers; Type: TABLE DATA; Schema: public; Owner: user
--

COPY public.buyers (id, firstname, lastname) FROM stdin;
1	Антон	Иванов
2	Иван	Николенко
3	Пётр	Кривошеев
4	Семён	Семёнов
5	\N	Кривошеев
6	Наталья	\N
\.


--
-- Data for Name: products; Type: TABLE DATA; Schema: public; Owner: user
--

COPY public.products (id, name, price) FROM stdin;
1	Киви	98.50
2	Яблоко	135.25
3	Ананас	320.80
4	Абрикос	50.30
\.


--
-- Data for Name: purchases; Type: TABLE DATA; Schema: public; Owner: user
--

COPY public.purchases (id, buyer_id, product_id, date_of_purchase) FROM stdin;
1	3	3	2022-10-21
2	1	2	2022-11-01
3	4	1	2022-11-05
4	3	3	2022-10-21
5	2	2	2022-10-21
6	3	4	2022-10-21
\.


--
-- Name: buyers_id_seq; Type: SEQUENCE SET; Schema: public; Owner: user
--

SELECT pg_catalog.setval('public.buyers_id_seq', 6, true);


--
-- Name: products_id_seq; Type: SEQUENCE SET; Schema: public; Owner: user
--

SELECT pg_catalog.setval('public.products_id_seq', 4, true);


--
-- Name: purchases_id_seq; Type: SEQUENCE SET; Schema: public; Owner: user
--

SELECT pg_catalog.setval('public.purchases_id_seq', 6, true);


--
-- Name: buyers buyers_pkey; Type: CONSTRAINT; Schema: public; Owner: user
--

ALTER TABLE ONLY public.buyers
    ADD CONSTRAINT buyers_pkey PRIMARY KEY (id);


--
-- Name: products products_pkey; Type: CONSTRAINT; Schema: public; Owner: user
--

ALTER TABLE ONLY public.products
    ADD CONSTRAINT products_pkey PRIMARY KEY (id);


--
-- Name: purchases purchases_pkey; Type: CONSTRAINT; Schema: public; Owner: user
--

ALTER TABLE ONLY public.purchases
    ADD CONSTRAINT purchases_pkey PRIMARY KEY (id);


--
-- Name: purchases purchases_buyer_id_fkey; Type: FK CONSTRAINT; Schema: public; Owner: user
--

ALTER TABLE ONLY public.purchases
    ADD CONSTRAINT purchases_buyer_id_fkey FOREIGN KEY (buyer_id) REFERENCES public.buyers(id);


--
-- Name: purchases purchases_product_id_fkey; Type: FK CONSTRAINT; Schema: public; Owner: user
--

ALTER TABLE ONLY public.purchases
    ADD CONSTRAINT purchases_product_id_fkey FOREIGN KEY (product_id) REFERENCES public.products(id);


--
-- Name: SCHEMA public; Type: ACL; Schema: -; Owner: postgres
--

REVOKE USAGE ON SCHEMA public FROM PUBLIC;
GRANT ALL ON SCHEMA public TO PUBLIC;


--
-- PostgreSQL database dump complete
--

